ID,CTS
03_04_2013_A01_3213.CEL,1
03_04_2013_A03_3199.CEL,1
03_04_2013_A05_3193.CEL,3
03_04_2013_A06_3191.CEL,1
03_04_2013_A07_3170.CEL,2
03_04_2013_A09_3172.CEL,2
03_04_2013_A10_3165.CEL,2
03_04_2013_B05_3273.CEL,1
03_04_2013_B06_1793.CEL,3
03_04_2013_B07_3252.CEL,1
03_04_2013_B11_2547.CEL,3
03_04_2013_C01_2651.CEL,3
03_04_2013_C02_2585.CEL,3
03_04_2013_C05_2611.CEL,2
03_04_2013_C06_2765.CEL,3
03_04_2013_C08_2736.CEL,3
03_04_2013_C09_2694697.CEL,2
03_04_2013_D01_2761.CEL,1
03_04_2013_D03_2719.CEL,3
03_04_2013_D06_2785.CEL,3
03_04_2013_D07_2958.CEL,3
03_04_2013_D08_1949.CEL,3
03_04_2013_E02_1726.CEL,3
03_04_2013_E08_1507.CEL,2
03_04_2013_E12_2452.CEL,3
03_04_2013_F04_2907847.CEL,3
03_04_2013_F05_2999.CEL,3
03_04_2013_F06_3049.CEL,2
03_04_2013_F08_3096.CEL,3
03_04_2013_F09_3041.CEL,1
03_04_2013_G03_3338.CEL,2
03_04_2013_G05_2638.CEL,3
03_04_2013_G07_3147.CEL,3
03_04_2013_G09_2835.CEL,3
03_04_2013_H01_2606.CEL,3
03_04_2013_H02_2404.CEL,1
03_04_2013_H04_2814.CEL,3
03_04_2013_H05_544.CEL,2
03_04_2013_H09_2480.CEL,2
05_03_2013_A08_2714354.CEL,1
05_03_2013_A10_408.CEL,3
05_03_2013_A12_2342432.CEL,1
05_03_2013_B05_2590193.CEL,3
05_03_2013_B09_2617930.CEL,3
05_03_2013_C01_1886.CEL,1
05_03_2013_C04_2405776.CEL,2
05_03_2013_C05_2279394.CEL,1
05_03_2013_C06_2404709.CEL,1
05_03_2013_C07_1319.CEL,3
05_03_2013_C08_511.CEL,3
05_03_2013_C12_2123.CEL,2
05_03_2013_D02_1812.CEL,3
05_03_2013_D03_1668.CEL,1
05_03_2013_D05_1015.CEL,3
05_03_2013_D06_2045301.CEL,1
05_03_2013_D08_1074.CEL,2
05_03_2013_D09_205.CEL,3
05_03_2013_E01_2221.CEL,1
05_03_2013_E03_2022192.CEL,2
05_03_2013_E08_2032249.CEL,2
05_03_2013_E09_603.CEL,3
05_03_2013_E12_2182562.CEL,3
05_03_2013_F01_2177356.CEL,2
05_03_2013_F02_2599073.CEL,1
05_03_2013_F11_2355070.CEL,3
05_03_2013_F12_2091070.CEL,1
05_03_2013_G02_2106085.CEL,2
05_03_2013_G03_2789025.CEL,2
05_03_2013_G06_2470148.CEL,1
05_03_2013_G08_2662486.CEL,3
05_03_2013_G10_1177.CEL,2
05_03_2013_G11_1112.CEL,3
05_03_2013_G12_2620854.CEL,3
05_03_2013_H02_2257043.CEL,1
05_03_2013_H03_2039709.CEL,2
05_03_2013_H05_2623033.CEL,1
05_03_2013_H06_2193.CEL,2
05_03_2013_H09_1052.CEL,3
05_03_2013_H10_1383.CEL,2
06_02_2013_A03_2754213.CEL,3
06_02_2013_A09_157.CEL,3
06_02_2013_A12_1494.CEL,2
06_02_2013_B01_803.CEL,2
06_02_2013_B03_1373.CEL,1
06_02_2013_B04_1758.CEL,2
06_02_2013_B06_2120.CEL,1
06_02_2013_B07_2016652.CEL,1
06_02_2013_B08_878.CEL,1
06_02_2013_B10_2473032.CEL,3
06_02_2013_C01_1858.CEL,3
06_02_2013_C02_2215.CEL,3
06_02_2013_C03_2851245.CEL,1
06_02_2013_C05_2095.CEL,1
06_02_2013_C06_2084599.CEL,3
06_02_2013_C07_1499.CEL,1
06_02_2013_C10_1036.CEL,2
06_02_2013_D03_508.CEL,1
06_02_2013_D09_2931751.CEL,3
06_02_2013_E01_2268424.CEL,3
06_02_2013_E04_218.CEL,2
06_02_2013_E07_378.CEL,3
06_02_2013_E08_2658341.CEL,3
06_02_2013_E09_2065960.CEL,1
06_02_2013_E11_1768.CEL,1
06_02_2013_E12_1617.CEL,2
06_02_2013_F04_2664986.CEL,1
06_02_2013_F05_220.CEL,1
06_02_2013_F08_428.CEL,2
06_02_2013_F09_470.CEL,2
06_02_2013_F11_1498.CEL,1
06_02_2013_F12_2586738.CEL,1
06_02_2013_G01_2392950.CEL,3
06_02_2013_G05_1057.CEL,3
06_02_2013_G06_689.CEL,1
06_02_2013_G10_2121912.CEL,2
06_02_2013_H03_2731081.CEL,1
06_02_2013_H07_2294649.CEL,1
06_02_2013_H08_2580909.CEL,2
06_02_2013_H11_1137.CEL,2
07_03_2013_A01_2661717.CEL,3
07_03_2013_A07_2129.CEL,2
07_03_2013_A08_2514152.CEL,2
07_03_2013_A11_2000.CEL,3
07_03_2013_A12_2173394.CEL,2
07_03_2013_B01_2021263.CEL,3
07_03_2013_B03_2516790.CEL,3
07_03_2013_B04_472.CEL,3
07_03_2013_B09_2107380.CEL,1
07_03_2013_B10_2545687.CEL,3
07_03_2013_B11_449.CEL,2
07_03_2013_C02_2793139.CEL,3
07_03_2013_C03_2658343.CEL,3
07_03_2013_C04_2082299.CEL,3
07_03_2013_C07_2826296.CEL,1
07_03_2013_C09_2684834.CEL,1
07_03_2013_C11_293.CEL,1
07_03_2013_D01_2807373.CEL,1
07_03_2013_D04_714.CEL,1
07_03_2013_D07_349.CEL,2
07_03_2013_D08_1119.CEL,1
07_03_2013_D11_2079794.CEL,2
07_03_2013_D12_2430087.CEL,2
07_03_2013_E05_2305248.CEL,1
07_03_2013_E06_2045.CEL,1
07_03_2013_E09_2537092.CEL,1
07_03_2013_E11_2512917.CEL,1
07_03_2013_F01_165.CEL,3
07_03_2013_F02_1695.CEL,3
07_03_2013_F03_1214.CEL,2
07_03_2013_F08_2757591.CEL,3
07_03_2013_F09_2752239.CEL,2
07_03_2013_F10_181.CEL,3
07_03_2013_G01_2014763.CEL,3
07_03_2013_G02_873.CEL,1
07_03_2013_G05_2071896.CEL,1
07_03_2013_G09_2206431.CEL,1
07_03_2013_G10_2339779.CEL,1
07_03_2013_G12_1272.CEL,2
07_03_2013_H01_1281.CEL,1
07_03_2013_H02_1114.CEL,3
07_03_2013_H09_2169.CEL,1
12_03_2013_A03_2719005.CEL,2
12_03_2013_A07_2463040.CEL,1
12_03_2013_A08_2416144.CEL,1
12_03_2013_A10_2177162.CEL,1
12_03_2013_A11_2332187.CEL,3
12_03_2013_B01_2123380.CEL,3
12_03_2013_B04_2459139.CEL,3
12_03_2013_B05_2220.CEL,3
12_03_2013_B06_2531925.CEL,3
12_03_2013_B07_2788747.CEL,3
12_03_2013_B09_2311040.CEL,3
12_03_2013_B12_2328205.CEL,3
12_03_2013_C04_2108553.CEL,2
12_03_2013_C05_2367719.CEL,3
12_03_2013_C08_312.CEL,1
12_03_2013_D01_2927001.CEL,3
12_03_2013_D08_1012.CEL,1
12_03_2013_D12_176.CEL,3
12_03_2013_E01_1669.CEL,2
12_03_2013_E04_1317.CEL,1
12_03_2013_E10_643.CEL,3
12_03_2013_E11_2166952.CEL,1
12_03_2013_F01_2933729.CEL,2
12_03_2013_F04_2888440.CEL,3
12_03_2013_F05_950.CEL,1
12_03_2013_F07_1165.CEL,3
12_03_2013_F08_1818.CEL,2
12_03_2013_F12_2121352.CEL,3
12_03_2013_G02_2895821.CEL,2
12_03_2013_G04_1056.CEL,2
12_03_2013_G06_2914265.CEL,3
12_03_2013_G07_2599222.CEL,1
12_03_2013_G08_2131.CEL,3
12_03_2013_G10_2028.CEL,2
12_03_2013_H02_2791031.CEL,3
12_03_2013_H07_2279.CEL,1
12_03_2013_H08_2190.CEL,2
12_03_2013_H12_602.CEL,3
13_02_2013_A05_2318175.CEL,2
13_02_2013_A07_2071168.CEL,1
13_02_2013_A08_2138225.CEL,1
13_02_2013_A10_2789759.CEL,1
13_02_2013_A11_2440861.CEL,1
13_02_2013_B03_2774321.CEL,1
13_02_2013_B05_2518579.CEL,1
13_02_2013_B06_2262695.CEL,3
13_02_2013_B07_2392914.CEL,3
13_02_2013_B08_2540647.CEL,1
13_02_2013_B09_1474.CEL,3
13_02_2013_B10_1521.CEL,2
13_02_2013_B11_1738.CEL,3
13_02_2013_B12_1906.CEL,1
13_02_2013_C06_2245.CEL,2
13_02_2013_C10_396.CEL,3
13_02_2013_C12_338.CEL,3
13_02_2013_D01_2139889.CEL,2
13_02_2013_D03_2245555.CEL,3
13_02_2013_D09_2712753.CEL,1
13_02_2013_E03_2469217.CEL,3
13_02_2013_E04_882.CEL,1
13_02_2013_E07_262.CEL,3
13_02_2013_E12_1388.CEL,2
13_02_2013_F02_2080847.CEL,2
13_02_2013_F04_2286989.CEL,2
13_02_2013_F06_1988.CEL,3
13_02_2013_F09_554.CEL,2
13_02_2013_F10_2284122.CEL,1
13_02_2013_F12_2246.CEL,2
13_02_2013_G01_1192.CEL,3
13_02_2013_G04_299.CEL,3
13_02_2013_G05_2197127.CEL,3
13_02_2013_G08_2014.CEL,2
13_02_2013_G12_2004.CEL,3
13_02_2013_H06_638.CEL,2
13_02_2013_H07_1901.CEL,3
13_03_2013_A05_2311555.CEL,1
13_03_2013_A06_2577185.CEL,2
13_03_2013_A09_2578388.CEL,1
13_03_2013_A12_2473497.CEL,1
13_03_2013_B02_2003.CEL,1
13_03_2013_B04_1611.CEL,1
13_03_2013_B06_1481.CEL,2
13_03_2013_B12_834.CEL,2
13_03_2013_C01_816.CEL,1
13_03_2013_C03_732.CEL,1
13_03_2013_C06_474.CEL,1
13_03_2013_C08_357.CEL,3
13_03_2013_C10_2886199.CEL,3
13_03_2013_D01_2465607.CEL,1
13_03_2013_D02_2041720.CEL,3
13_03_2013_D03_2528458.CEL,1
13_03_2013_D05_2061687.CEL,3
13_03_2013_D08_2151524.CEL,1
13_03_2013_D11_2441106.CEL,2
13_03_2013_D12_2799039.CEL,3
13_03_2013_E01_2727912.CEL,1
13_03_2013_E02_2855460.CEL,3
13_03_2013_E04_2784251.CEL,2
13_03_2013_E06_2158239.CEL,3
13_03_2013_E07_2260580.CEL,2
13_03_2013_E10_2152430.CEL,3
13_03_2013_F02_2716785.CEL,3
13_03_2013_F03_427.CEL,1
13_03_2013_F04_2873858.CEL,2
13_03_2013_F06_290.CEL,2
13_03_2013_F10_2805753.CEL,3
13_03_2013_F11_2862824.CEL,1
13_03_2013_G01_1251.CEL,1
13_03_2013_G07_2610361.CEL,3
13_03_2013_G08_2092988.CEL,3
13_03_2013_G09_1551.CEL,1
13_03_2013_G11_1266.CEL,3
13_03_2013_G12_2015183.CEL,3
13_03_2013_H01_1866.CEL,1
13_03_2013_H05_2832620.CEL,3
13_03_2013_H06_2809208.CEL,3
13_03_2013_H08_2423724.CEL,3
14_03_2013_A01_1153.CEL,2
14_03_2013_A04_1822.CEL,1
14_03_2013_A08_948.CEL,3
14_03_2013_A09_399.CEL,1
14_03_2013_B06_2952545.CEL,3
14_03_2013_B11_2423113.CEL,2
14_03_2013_C01_2647680.CEL,1
14_03_2013_C06_2555715.CEL,1
14_03_2013_C09_2210219.CEL,3
14_03_2013_C10_2396220.CEL,1
14_03_2013_D01_1908.CEL,2
14_03_2013_D04_2002.CEL,3
14_03_2013_D06_1464.CEL,3
14_03_2013_D08_1973.CEL,2
14_03_2013_D09_2500051.CEL,1
14_03_2013_D11_2213154.CEL,3
14_03_2013_E03_2394591.CEL,2
14_03_2013_E04_1257.CEL,3
14_03_2013_E11_440.CEL,2
14_03_2013_F02_879.CEL,2
14_03_2013_F08_2458860.CEL,1
14_03_2013_F09_2859676.CEL,2
14_03_2013_F10_160.CEL,1
14_03_2013_F11_228.CEL,1
14_03_2013_G01_2646192.CEL,3
14_03_2013_G02_2905183.CEL,1
14_03_2013_G10_1628.CEL,3
14_03_2013_H05_2630414.CEL,3
14_03_2013_H07_2455809.CEL,1
14_03_2013_H08_2858074.CEL,3
14_03_2013_H10_2613389.CEL,2
19_03_2013_A01_2391003.CEL,3
19_03_2013_A03_2122227.CEL,1
19_03_2013_A04_2682699.CEL,3
19_03_2013_A06_2788315.CEL,3
19_03_2013_A09_2096625.CEL,2
19_03_2013_A10_2210087.CEL,1
19_03_2013_A12_2360467.CEL,3
19_03_2013_B10_1456.CEL,1
19_03_2013_C04_897.CEL,3
19_03_2013_C05_855.CEL,3
19_03_2013_C09_434.CEL,1
19_03_2013_C10_533.CEL,1
19_03_2013_D09_1992.CEL,3
19_03_2013_D11_1532.CEL,3
19_03_2013_E05_2796089.CEL,3
19_03_2013_F01_398.CEL,1
19_03_2013_F05_2047294.CEL,1
19_03_2013_F06_219.CEL,2
19_03_2013_F07_2113.CEL,2
19_03_2013_F09_2197135.CEL,2
19_03_2013_F10_1598.CEL,3
19_03_2013_F12_516.CEL,2
19_03_2013_G02_1004.CEL,1
19_03_2013_G04_1070.CEL,3
19_03_2013_G05_2138509.CEL,3
19_03_2013_G06_2690766.CEL,2
19_03_2013_G10_231.CEL,1
19_03_2013_G11_423.CEL,1
19_03_2013_H06_1772.CEL,3
19_03_2013_H08_2603118.CEL,3
19_03_2013_H09_2327068.CEL,2
20_03_2013_A03_2587517.CEL,3
20_03_2013_A05_2081.CEL,3
20_03_2013_A07_1707.CEL,1
20_03_2013_A09_2381906.CEL,3
20_03_2013_A10_1579.CEL,1
20_03_2013_B01_2593636.CEL,1
20_03_2013_B05_797.CEL,2
20_03_2013_B11_1225.CEL,2
20_03_2013_B12_1326.CEL,3
20_03_2013_C06_1590.CEL,1
20_03_2013_C07_2937810.CEL,3
20_03_2013_C12_2897831.CEL,1
20_03_2013_D06_2060094.CEL,2
20_03_2013_D08_2025044.CEL,3
20_03_2013_D09_2348773.CEL,1
20_03_2013_E02_2148523.CEL,2
20_03_2013_E03_2919602.CEL,2
20_03_2013_E04_2666347.CEL,1
20_03_2013_E05_866.CEL,3
20_03_2013_E09_663.CEL,3
20_03_2013_F05_922.CEL,1
20_03_2013_G03_2458108.CEL,3
20_03_2013_G06_2367.CEL,2
20_03_2013_G07_2363.CEL,2
20_03_2013_G11_2345.CEL,2
20_03_2013_G12_2343.CEL,3
20_03_2013_H01_2340.CEL,1
20_03_2013_H02_2329.CEL,1
20_03_2013_H03_2319.CEL,3
20_03_2013_H06_2306.CEL,3
20_03_2013_H07_2304.CEL,1
20_03_2013_H08_2302.CEL,1
21_03_2013_A02_2291.CEL,3
21_03_2013_A05_2259.CEL,1
21_03_2013_A06_2229.CEL,1
21_03_2013_B01_2118.CEL,1
21_03_2013_B05_2009.CEL,3
21_03_2013_B11_1318.CEL,2
21_03_2013_C06_221.CEL,2
21_03_2013_C07_2656.CEL,1
21_03_2013_C08_2654.CEL,1
21_03_2013_C09_2657.CEL,2
21_03_2013_C10_2643.CEL,3
21_03_2013_C11_2639.CEL,3
21_03_2013_D02_2622.CEL,1
21_03_2013_D06_2569.CEL,1
21_03_2013_D09_2562.CEL,2
21_03_2013_D11_2545.CEL,1
21_03_2013_E02_2536.CEL,1
21_03_2013_E03_2532.CEL,1
21_03_2013_E04_2526.CEL,1
21_03_2013_E05_2516.CEL,1
21_03_2013_E06_2514.CEL,1
21_03_2013_E07_2507.CEL,3
21_03_2013_E11_2491.CEL,1
21_03_2013_F01_2475.CEL,3
21_03_2013_F03_2029.CEL,3
21_03_2013_F04_2468.CEL,3
21_03_2013_F05_2465.CEL,3
21_03_2013_F06_2461.CEL,2
21_03_2013_F07_2455.CEL,2
21_03_2013_F09_2444.CEL,1
21_03_2013_F12_2407.CEL,2
21_03_2013_G01_2409.CEL,3
21_03_2013_G03_2384.CEL,1
21_03_2013_G07_2406.CEL,2
21_03_2013_G08_2955.CEL,1
21_03_2013_G09_2950.CEL,1
21_03_2013_G11_2937.CEL,3
21_03_2013_G12_2947.CEL,3
21_03_2013_H02_2921.CEL,1
21_03_2013_H04_2977.CEL,2
21_03_2013_H07_2995.CEL,2
21_03_2013_H08_2994.CEL,3
21_03_2013_H09_2919.CEL,3
21_03_2013_H10_2924.CEL,2
21_03_2013_H11_2805.CEL,1
22_01_2013_A01_2435440.CEL,1
22_01_2013_A03_2023712.CEL,1
22_01_2013_A05_2245624.CEL,3
22_01_2013_A06_2068847.CEL,2
22_01_2013_A09_2168597.CEL,3
22_01_2013_A12_2273467.CEL,3
22_01_2013_B01_2047406.CEL,3
22_01_2013_B02_2143801.CEL,2
22_01_2013_B03_2764528.CEL,2
22_01_2013_B04_2063277.CEL,3
22_01_2013_B05_966.CEL,1
22_01_2013_B07_774.CEL,2
22_01_2013_B10_2739656.CEL,2
22_01_2013_C01_2062249.CEL,1
22_01_2013_C02_2295511.CEL,2
22_01_2013_C05_1550.CEL,2
22_01_2013_D05_2512541.CEL,3
22_01_2013_D08_2453929.CEL,3
22_01_2013_D10_893.CEL,1
22_01_2013_D11_2091020.CEL,3
22_01_2013_D12_2402042.CEL,1
22_01_2013_E05_2512233.CEL,3
22_01_2013_E06_1151.CEL,2
22_01_2013_E09_1552.CEL,3
22_01_2013_E10_808.CEL,2
22_01_2013_E11_2533256.CEL,3
22_01_2013_F06_2337277.CEL,1
22_01_2013_F08_2330273.CEL,3
22_01_2013_F10_699.CEL,1
22_01_2013_G01_2661366.CEL,2
22_01_2013_G03_2239.CEL,3
22_01_2013_G05_1297.CEL,3
22_01_2013_G07_1587.CEL,2
22_01_2013_G09_2318433.CEL,3
22_01_2013_G10_2206690.CEL,1
22_01_2013_G11_2146.CEL,3
22_01_2013_H03_1995.CEL,3
22_01_2013_H08_2079564.CEL,2
22_01_2013_H09_2095014.CEL,2
22_01_2013_H10_2428168.CEL,1
22_01_2013_H11_2750964.CEL,1
26_03_2013_A03_2792222.CEL,3
26_03_2013_B01_1849.CEL,3
26_03_2013_B06_1625.CEL,3
26_03_2013_B09_1743.CEL,1
26_03_2013_B10_2274.CEL,3
26_03_2013_B11_1427.CEL,3
26_03_2013_C02_2542638.CEL,2
26_03_2013_C05_2962.CEL,3
26_03_2013_C06_2972.CEL,1
26_03_2013_C07_2966.CEL,2
26_03_2013_C08_2800.CEL,2
26_03_2013_C11_2780.CEL,3
26_03_2013_D01_2750.CEL,2
26_03_2013_D03_2766.CEL,1
26_03_2013_D06_2741.CEL,3
26_03_2013_D07_2733.CEL,1
26_03_2013_D08_2731.CEL,3
26_03_2013_D10_2730.CEL,1
26_03_2013_D12_2724.CEL,2
26_03_2013_E01_2723.CEL,1
26_03_2013_E02_2718.CEL,3
26_03_2013_E06_2694.CEL,1
26_03_2013_E08_2678.CEL,1
26_03_2013_E10_2669.CEL,2
26_03_2013_E11_2659.CEL,2
26_03_2013_F02_2973085.CEL,1
26_03_2013_F04_2042.CEL,3
26_03_2013_F07_3073.CEL,1
26_03_2013_G07_3003.CEL,2
26_03_2013_G09_3005.CEL,1
26_03_2013_H03_3085.CEL,2
26_03_2013_H04_3111.CEL,1
26_03_2013_H05_3092.CEL,2
26_03_2013_H07_3103.CEL,2
26_03_2013_H08_3063.CEL,2
27_03_2013_A01_3137.CEL,3
27_03_2013_A04_3054.CEL,2
27_03_2013_A10_3149.CEL,3
27_03_2013_B06_2879.CEL,3
27_03_2013_B08_2866326.CEL,2
27_03_2013_B11_570.CEL,1
27_03_2013_C03_2803146.CEL,3
27_03_2013_C07_1583.CEL,3
27_03_2013_C10_2313.CEL,2
27_03_2013_D02_2209803.CEL,2
27_03_2013_D09_2539575.CEL,3
27_03_2013_D10_2849655.CEL,3
27_03_2013_E01_2437188.CEL,3
27_03_2013_E04_2575353.CEL,3
27_03_2013_E06_2977805.CEL,1
27_03_2013_E07_1073.CEL,2
27_03_2013_F02_2904613.CEL,2
27_03_2013_F04_3379.CEL,1
27_03_2013_F08_3395.CEL,2
27_03_2013_F09_3393.CEL,1
27_03_2013_F10_3351.CEL,2
27_03_2013_F11_3352.CEL,3
27_03_2013_G01_2769.CEL,1
27_03_2013_G02_935.CEL,1
27_03_2013_G03_3355.CEL,3
27_03_2013_G12_3293.CEL,2
27_03_2013_H05_3266.CEL,1
27_03_2013_H08_3245.CEL,1
27_03_2013_H12_3216.CEL,3
CAP0003_1,3
CAP0004_1,3
CAP0013_1,3
CAP0015_1,1
CAP0017_1,3
CAP0019_1,1
CAP0024_1,1
CAP0027_1,3
CAP0032_1,1
CAP0035_1,3
CAP0036_1,1
CAP0047_1,3
CAP0048_1,1
CAP0050_1,1
CAP0051_1,3
CAP0055_1,3
CAP0056_1,3
CAP0057_1,1
CAP0059_1,3
CAP0063_1,1
CAP0065_1,3
CAP0070_1,1
CAP0077_1,3
CAP0085_1,3
CAP0091_1,3
CAP0094_1,3
CAP0096_1,1
CAP0097_1,3
CAP0099_1,3
CAP0100_1,2
CAP0101_1,3
CAP0106_1,1
CAP0107_1,3
CAP0118_1,1
CAP0123_1,3
CAP0127_1,3
CAP0130_1,1
CAP0138_1,3
CAP0139_1,2
CAP0152_1,3
CAP0160_1,1
CAP0161_1,3
CAP0170_1,3
CAP0171_1,3
CAP0172_1,3
CAP0173_1,2
CAP0195_1,3
CAP0208_1,1
CAP0211_1,1
CAP0214_1,1
CAP0221_1,3
CAP0230_1,2
CAP0243_1,1
CAP0245_1,1
CAP0252_1,3
CAP0262_1,1
CAP0270_1,3
CAP0276_1,1
CAP0279_1,2
CAP0281_1,3
CAP0283_1,3
CAP0286_1,1
CAP0287_1,1
CAP0290_1,3
CAP0295_1,3
CAP0296_1,1
CAP0302_1,2
CAP0303_1,1
CAP0306_1,3
CAP0307_1,1
CAP0311_1,3
CAP0312_1,1
CAP0315_1,2
CAP0317_1,1
CAP0322_1,3
CAP0328_1,1
CAP0330_1,1
CAP0334_1,3
CAP0335_1,3
CAP0336_1,3
CAP0341_1,1
CAP0342_1,3
CAP0344_1,3
CAP0353_1,3
CAP0354_1,3
CAP0359_1,3
CAP0362_1,3
CAP0363_1,3
CAP0367_1,1
CAP0368_1,3
CAP0370_1,3
CAP0372_1,1
CAP0376_1,3
CAP0377_1,3
CAP0380_1,1
CAP0381_1,1
CAP0386_1,1
CAP0390_1,1
CAP0395_1,3
CAP0396_1,2
CAP0397_1,3
CAP0400_1,3
COM_P1_2539_230616_.HTA.2_0..CEL,3
COM_P1_3197090_300616_.HTA.2_0..CEL,1
COM_P1_3823_290616_.HTA.2_0..CEL,1
COM_P1_3976_280616_.HTA.2_0..CEL,2
COM_P1_4231_230616_.HTA.2_0..CEL,3
COM_P1_4295_290616_.HTA.2_0..CEL,1
COM_P1_4373_300616_.HTA.2_0..CEL,1
COM_P1_4426_290616_.HTA.2_0..CEL,3
COM_P1_4471_300616_.HTA.2_0..CEL,1
COM_P1_4484_300616_.HTA.2_0..CEL,1
COM_P1_4508_300616_.HTA.2_0..CEL,1
COM_P1_4546_230616_.HTA.2_0..CEL,1
COM_P1_4586_280616_.HTA.2_0..CEL,1
COM_P1_4850_230616_.HTA.2_0..CEL,1
COM_P1_5254_300616_.HTA.2_0..CEL,1
COM_P1_6617_300616_.HTA.2_0..CEL,1
COM_P1_6653_230616_.HTA.2_0..CEL,1
COM_P1_6658_230616_.HTA.2_0..CEL,3
COM_P1_6746_280616_.HTA.2_0..CEL,1
COM_P1_6776_280616_.HTA.2_0..CEL,1
COM_P1_6890_300616_.HTA.2_0..CEL,1
COM_P2_3546507_260716_.HTA.2_0..CEL,3
COM_P2_3585283_190716_.HTA.2_0..CEL,1
COM_P2_3605989_210716_.HTA.2_0..CEL,3
COM_P2_3769063_260716_.HTA.2_0..CEL,3
COM_P2_3783662_260716_.HTA.2_0..CEL,1
COM_P2_3813755_200716_.HTA.2_0..CEL,1
COM_P2_3815233_200716_.HTA.2_0..CEL,2
COM_P2_3823266_210716_.HTA.2_0..CEL,3
COM_P2_3884620_200716_.HTA.2_0..CEL,2
COM_P2_3944248_260716_.HTA.2_0..CEL,1
COM_P2_3962538_260716_.HTA.2_0..CEL,3
COM_P2_4017646_260716_.HTA.2_0..CEL,1
COM_P2_4078051_190716_.HTA.2_0..CEL,2
COM_P2_4729_200716_.HTA.2_0..CEL,2
COM_P2_4731_210716_.HTA.2_0..CEL,1
COM_P2_4874_190716_.HTA.2_0..CEL,2
COM_P2_5189_200716_.HTA.2_0..CEL,2
COM_P2_5261_210716_.HTA.2_0..CEL,1
COM_P2_5409_200716_.HTA.2_0..CEL,2
COM_P2_5530_190716_.HTA.2_0..CEL,1
COM_P2_6276_190716_.HTA.2_0._2.CEL,2
COM_P2_6418_260716_.HTA.2_0..CEL,2
COM_P3_3055998_100316_.HTA.2_0..CEL,2
COM_P3_3138950_150316_.HTA.2_0..CEL,1
COM_P3_3272092_030316_.HTA.2_0..CEL,1
COM_P3_3386401_030316_.HTA.2_0..CEL,3
COM_P3_3458598_240316_.HTA.2_0..CEL,1
COM_P3_3474652_030316_.HTA.2_0..CEL,2
COM_P3_3481233_030316_.HTA.2_0..CEL,3
COM_P3_3529567_150316_.HTA.2_0..CEL,1
COM_P3_3537939_100316_.HTA.2_0..CEL,1
COM_P3_3606874_030316_.HTA.2_0..CEL,1
COM_P3_3650_030316_.HTA.2_0..CEL,3
COM_P3_3773892_150316_.HTA.2_0..CEL,3
COM_P3_3862041_240316_.HTA.2_0..CEL,3
COM_P3_3910077_150316_.HTA.2_0..CEL,3
COM_P3_4063351_100316_.HTA.2_0..CEL,2
COM_P3_4225_020316_.HTA.2_0..CEL,3
COM_P3_4892_100316_.HTA.2_0..CEL,1
COM_P3_5392_030316_.HTA.2_0..CEL,1
COM_P3_5717_150316_.HTA.2_0..CEL,2
COM_P3_5771_020316_.HTA.2_0..CEL,1
COM_P3_5785_030316_.HTA.2_0..CEL,3
COM_P4_3021476_190416_.HTA.2_0..CEL,1
COM_P4_3159200_200416_.HTA.2_0..CEL,1
COM_P4_3261652_200416_.HTA.2_0..CEL,1
COM_P4_3270135_200416_.HTA.2_0..CEL,1
COM_P4_3287179_050416_.HTA.2_0..CEL,3
COM_P4_3317184_070416_.HTA.2_0..CEL,2
COM_P4_3344784_200416_.HTA.2_0..CEL,3
COM_P4_3351972_190416_.HTA.2_0..CEL,1
COM_P4_3462609_070416_.HTA.2_0..CEL,2
COM_P4_3585_190416_.HTA.2_0..CEL,2
COM_P4_3586270_050416_.HTA.2_0..CEL,1
COM_P4_3599379_050416_.HTA.2_0..CEL,1
COM_P4_3717_190416_.HTA.2_0..CEL,1
COM_P4_3734523_070416_.HTA.2_0..CEL,1
COM_P4_4368_070416_.HTA.2_0..CEL,3
COM_P4_4393_200416_.HTA.2_0..CEL,1
COM_P4_4445_200416_.HTA.2_0..CEL,1
COM_P4_4525_070416_.HTA.2_0..CEL,1
COM_P4_4532_190416_.HTA.2_0..CEL,1
COM_P4_4625_190416_.HTA.2_0..CEL,3
COM_P4_4736_190416_.HTA.2_0..CEL,1
COM_P4_4737_190416_.HTA.2_0..CEL,3
COM_P4_4835_190416_.HTA.2_0..CEL,1
COM_P4_4917_070416_.HTA.2_0..CEL,1
COM_P4_4923_190416_.HTA.2_0..CEL,3
COM_P4_4938_190416_.HTA.2_0..CEL,3
COM_P4_4951_200416_.HTA.2_0..CEL,3
COM_P4_4982_200416_.HTA.2_0..CEL,1
COM_P4_4998_050416_.HTA.2_0..CEL,1
COM_P4_5235_050416_.HTA.2_0..CEL,1
COM_P4_5260_200416_.HTA.2_0..CEL,1
COM_P4_5377_190416_.HTA.2_0..CEL,3
COM_P4_5433_190416_.HTA.2_0..CEL,3
COM_P4_5726_190416_.HTA.2_0..CEL,1
COM_P4_5750_050416_.HTA.2_0..CEL,2
COM_P5_3004993_210416_.HTA.2_0..CEL,2
COM_P5_3273867_270416_.HTA.2_0..CEL,1
COM_P5_3292348_220416_.HTA.2_0..CEL,2
COM_P5_3300871_270416_.HTA.2_0..CEL,1
COM_P5_3360593_220416_.HTA.2_0..CEL,1
COM_P5_3415746_260416_.HTA.2_0..CEL,3
COM_P5_3419205_260416_.HTA.2_0..CEL,1
COM_P5_3447051_220416_.HTA.2_0..CEL,3
COM_P5_3453835_220416_.HTA.2_0..CEL,1
COM_P5_3454267_220416_.HTA.2_0..CEL,3
COM_P5_3456820_210416_.HTA.2_0..CEL,3
COM_P5_3478108_270416_.HTA.2_0..CEL,1
COM_P5_3483709_270416_.HTA.2_0..CEL,1
COM_P5_3490886_210416_.HTA.2_0..CEL,1
COM_P5_3576217_220416_.HTA.2_0..CEL,2
COM_P5_3577539_210416_.HTA.2_0..CEL,2
COM_P5_3623917_260416_.HTA.2_0..CEL,2
COM_P5_3639155_260416_.HTA.2_0..CEL,3
COM_P5_3651817_260416_.HTA.2_0..CEL,1
COM_P5_3730247_270416_.HTA.2_0..CEL,1
COM_P5_3755_260416_.HTA.2_0..CEL,1
COM_P5_3938_260416_.HTA.2_0..CEL,1
COM_P5_4027_210416_.HTA.2_0..CEL,2
COM_P5_4051_220416_.HTA.2_0..CEL,3
COM_P5_4162_210416_.HTA.2_0..CEL,1
COM_P5_4218_260416_.HTA.2_0..CEL,1
COM_P5_4771_260416_.HTA.2_0..CEL,1
COM_P5_4932_260416_.HTA.2_0..CEL,2
COM_P5_6101_270416_.HTA.2_0..CEL,1
COM_P5_6413_260416_.HTA.2_0..CEL,1
COM_P5_6636_220416_.HTA.2_0..CEL,2
COM_P6_3007078_020616_.HTA.2_0..CEL,1
COM_P6_3008502_020616_.HTA.2_0..CEL,1
COM_P6_3111443_030616_.HTA.2_0..CEL,1
COM_P6_3215498_070616_.HTA.2_0..CEL,2
COM_P6_3356210_080616_.HTA.2_0..CEL,1
COM_P6_3499_030616_.HTA.2_0..CEL,3
COM_P6_3583_030616_.HTA.2_0..CEL,3
COM_P6_4109_080616_.HTA.2_0..CEL,2
COM_P6_4206_080616_.HTA.2_0..CEL,2
COM_P6_5746_030616_.HTA.2_0..CEL,2
COM_P6_5881_020616_.HTA.2_0..CEL,1
COM_P6_5894_030616_.HTA.2_0..CEL,3
COM_P6_5945_070616_.HTA.2_0..CEL,1
COM_P6_5950_070616_.HTA.2_0..CEL,2
COM_P6_6018_080616_.HTA.2_0..CEL,3
COM_P6_6048_080616_.HTA.2_0..CEL,2
COM_P6_6069_020616_.HTA.2_0..CEL,1
COM_P6_6194_080616_.HTA.2_0..CEL,1
COM_P6_6200_080616_.HTA.2_0..CEL,3
COM_P6_6303_020616_.HTA.2_0..CEL,1
COM_P6_6331_020616_.HTA.2_0..CEL,2
COM_P6_6366_030616_.HTA.2_0..CEL,1
COM_P6_6414_030616_.HTA.2_0..CEL,1
COM_P6_6430_070616_.HTA.2_0..CEL,2
COM_P6_6448_070616_.HTA.2_0..CEL,1
COM_P6_6489_080616_.HTA.2_0..CEL,2
FP0001_1,1
FP0002_1,1
FP0003_1,1
FP0004_1,1
FP0006_1,1
FP0012_1,1
FP0015_1,1
FP0018_1,1
FP0023_1,1
FP0024_1,1
FP0025_1,1
FP0026_1,1
FP0030_1,1
FP0031_1,1
FP0032_1,1
FP0035_1,1
FP0036_1,1
FP0037_1,1
FP0041_1,1
FP0043_1,3
FP0045_1,1
FP0047_1,3
FP0048_1,1
FP0053_1,1
FP0055_1,1
FP0059_1,3
FP0061_1,1
FP0062_1,1
FP0064_1,2
FP0066_1,1
FP0068_1,1
FP0074_1,1
FP0076_1,1
FP0081_1,1
FP0083_1,1
FP0085_1,1
FP0087_1,2
FP0088_1,3
FP0090_1,3
FP0091_1,1
FP0094_1,1
FP0095_1,1
FP0099_1,1
FP0100_1,1
FP0102_1,1
FP0105_1,1
FP0107_1,1
FP0109_1,1
FP0110_1,1
FP0111_1,3
FP0114_1,1
FP0115_1,1
FP0116_1,1
FP0117_1,1
gains8032867,1
gains8032869,1
gains8032870,3
gains8032871,3
gains8032874,1
gains8032880,1
gains8032882,2
gains8032883,1
gains8032885,1
gains8032889,2
gains8032899,1
gains8032904,3
gains8032908,1
gains8032910,2
gains8032915,3
gains8032922,1
gains8032929,1
gains8032930,3
gains8032931,1
gains8032953,1
gains8032958,3
gains8032959,1
gains8032960,3
gains8032961,1
gains8032962,1
gains8032965,3
gains8032967,1
gains8032968,1
gains8032971,1
gains8032972,1
gains8032975,3
gains8032978,1
gains8032981,1
gains8032982,3
gains8032986,2
gains8032989,3
gains8032990,3
gains8032991,1
gains8032992,1
gains8032995,3
gains8032997,3
gains8033002,1
gains8033007,1
gains8033014,3
gains8033016,1
gains8033017,3
gains8033021,2
gains8033024,1
gains8033026,3
gains8033027,3
gains8033050,1
gains8033053,1
gains8033060,3
gains8033061,3
gains8033065,3
gains8033066,2
gains8033069,3
gains8033071,1
gains8033074,2
gains8033075,1
gains8033079,3
gains8033081,1
gains8033085,1
gains8033087,3
gains8033089,3
gains8033095,3
gains8033097,1
gains8033098,3
gains8033100,3
gains8033101,3
gains8033107,3
gains8033114,1
gains8033115,3
gains8033117,2
gains8033120,2
gains8033122,1
gains8033145,1
gains8033149,1
gains8033153,1
gains8033154,1
gains8033158,2
gains8033159,3
gains8033161,1
gains8033164,2
gains8033168,1
gains8033169,1
gains8033171,1
gains8033176,2
gains8033179,1
gains8033180,1
gains8033184,1
gains8033186,1
gains8033187,1
gains8033192,3
gains8033196,3
gains8033198,1
gains8033202,3
gains8033204,1
gains8033207,3
gains8033214,1
gains8033215,3
gains8033217,3
gains8033242,1
gains8033246,1
gains8033248,1
gains8033251,1
gains8033252,1
gains8033255,3
gains8033258,1
gains8033262,3
gains8033264,1
gains8033269,1
gains8033270,3
gains8033272,3
gains8033273,1
gains8033277,3
gains8033280,3
gains8033281,2
gains8033287,3
gains8033289,1
gains8033291,1
gains8033294,2
gains8033299,1
gains8033302,1
gains8033315,3
gains8033317,1
gains8033338,3
gains8033341,3
gains8033343,3
gains8033345,1
gains8033346,1
gains8033351,3
gains8033353,3
gains8033354,1
gains8033355,2
gains8033357,1
gains8033360,1
gains8033369,1
gains8033372,3
gains8033373,1
gains8033376,1
gains8033378,1
gains8033383,1
gains8033384,1
gains8033386,3
gains8033392,1
gains8033399,1
gains8033411,3
gains8033433,1
gains8033436,1
gains8033440,3
gains8033444,1
gains8033445,1
gains8033446,1
gains8033450,3
gains8033452,3
gains8033457,1
gains8033458,3
gains8033459,3
gains8033463,3
gains8033464,3
gains8033465,3
gains8033469,1
gains8033470,3
gains8033473,3
gains8033480,1
gains8033489,1
gains8033494,1
gains8033495,3
gains8033505,1
gains8033506,3
gains8033530,2
gains8033532,1
gains8033533,1
gains8033534,1
gains8033537,1
gains8033540,3
gains8033542,1
gains8033543,2
gains8033544,3
gains8033545,1
gains8033546,1
gains8033549,1
gains8033560,1
gains8033563,3
gains8033569,1
gains8033572,1
gains8033573,3
gains8033578,1
gains8033582,1
gains8033590,1
gains8033596,1
gains8033601,3
gains8033603,1
gains8033627,2
gains8033628,2
gains8033629,3
gains8033631,2
gains8033635,1
gains8033636,3
gains8033642,1
gains8033647,3
gains8033648,1
gains8033649,1
gains8033651,1
gains8033657,1
gains8033658,3
gains8033661,3
gains8033663,3
gains8033664,3
gains8033665,3
gains8033670,3
gains8033671,1
gains8033675,1
gains8033681,2
gains8033686,1
gains8033687,3
gains8033692,3
gains8033693,2
gains8033696,1
gains8033700,3
gains8033725,1
gains8033726,2
gains8033727,1
gains8033729,1
gains8033730,3
gains8033738,2
gains8033743,1
gains8033744,1
gains8033746,3
gains8033748,3
gains8033758,1
gains8033775,1
gains8033776,3
gains8033777,1
gains8033781,1
gains8033783,3
gains8033785,2
gains8033786,1
gains8033788,1
gains8033792,3
gains8033794,3
gains8033795,1
gains8033819,2
gains8033830,3
gains8033831,3
gains8033835,3
gains8033839,1
gains8033841,1
gains8033847,3
gains8033848,1
gains8033852,3
gains8033853,1
gains8033856,1
gains8033861,1
gains8033864,3
gains8033868,1
gains8033873,3
gains8033883,1
gains8033886,2
gains8033892,3
gains8033893,1
gains8033914,1
gains8033915,3
gains8033920,1
gains8033921,3
gains8033925,1
gains8033929,3
gains8033931,1
gains8033934,1
gains8033936,3
gains8033939,1
gains8033940,1
gains8033943,1
gains8033944,1
gains8033945,1
gains8033947,3
gains8033952,3
gains8033953,3
gains8033954,1
gains8033958,1
gains8033961,2
gains8033963,1
gains8033964,3
gains8033969,1
gains8033975,1
gains8033982,1
gains8033987,3
